Supplier Name,Company,Email,Phone,WhatsApp,Website,Location,Rating,Products
IndiaMART,,customercare@indiamart.com,,,https://www.indiamart.com,ranchi,3.8,"... Search Product or Service Accounting Solutions Accounting Software Tally on Mobile GST e-Invoice ... My Fabrication Work. +918043836300,7572. Enter your Mobile ..."
Purewood,,hipurewood@gmail.com,9.18571E+11,http://wa.me/919999239777,https://thepurewood.com,Jodhpur,4.2,Purewood is a leading manufacturer of wooden chairs and has earned significant credibility in the industry. Our main focus is to make the place comfortable.
Geeken,,contactus@geeken.co.in,,9.16295E+11,https://geeken.in,Haryana,5,"For over 35 years, Geeken has been recognized as reliable Wooden dining chairs in india. Our wood chairs are appreciated by offices, institutions, and ..."
Furniture Manufacturer & Exporter in India,,jon@gmail.com,9.16327E+11,https://wa.me/+919769003311?text=Hello%20I%20want%20to%20inquire%20about%20some%20products%20from%20the%20website,https://furnitureroots.com,bally,5,"Reach out to us through Email, Call, or Live Chat, and let's get started on your project furniture requirement! OUR SPECIALTIES. Apart from generic furniture ..."
Handcarved Antique Cabinet Price from Jodhpur Manufacturer and Exporter,,,9.18045E+11,,https://www.antiquewoodenfurniture.com,Jodhpur,2.7,"PARAS INDUSTRIES - Exporter, Manufacturer & Supplier of Wooden Chair Wooden Chair ... banner. PARAS INDUSTRIES. GST : 08AAWFP0705D1Z9. Call us now. 08045478798."
"Living room furniture Manufacturer,Interior wooden furniture Supplier,Exporter",,,9.18046E+11,,https://www.svicon.com,Location not specified,2.5,"SHREE VINAYAK CORPORATION - Manufacturer,Supplier and Exporter of Wooden Chair at reasonable prices. We export Wooden Chair all over world."
Furniture @upto 50% OFF,,support@woodenstreet.com,9.19314E+11,,https://www.woodenstreet.com,ranchi,2.9,Woodenstreet - #1 online furniture store in India. Explore & shop exclusive office & home furniture online at the best prices on our website.
School Furniture India,,newgoldenfurnishers@gmail.com,9.1981E+11,https://api.whatsapp.com/send?phone=+91,https://www.schoolfurnitureindia.com,agra,4.6,"New Golden Furnitures Co. is the best school furniture manufacturer in Delhi, India. We provide school desks, chairs, tables, and customized furniture at ..."
,,,,,,,,
,,,                                           ,,,,,
